stasiun_id,horizon,definition,method,tp,fp,fn,f1,csi,pod,far,n_obs_hours
107,1,p95,lstm,862,67,116,0.9040377556371264,0.8248803827751197,0.8813905930470347,0.0721205597416577,978
107,1,p95,persistence,827,151,151,0.84560327198364,0.7325066430469442,0.84560327198364,0.15439672801635992,978
107,1,rise,lstm,424,25,79,0.8907563025210085,0.803030303030303,0.8429423459244533,0.0556792873051225,503
107,1,rise,persistence,386,100,117,0.7805864509605662,0.6401326699834162,0.7673956262425448,0.205761316872428,503
107,1,siaga3,lstm,11056,30,65,0.9957220696176882,0.9914805847009237,0.9941552018703353,0.0027061158217571712,11121
107,1,siaga3,persistence,10968,114,153,0.9879745980272936,0.9762349799732978,0.9862422444024818,0.01028695181375203,11121
107,6,p95,lstm,408,205,570,0.5128849780012571,0.3448858833474218,0.4171779141104294,0.33442088091353994,978
107,6,p95,persistence,359,621,619,0.36670071501532175,0.22451532207629768,0.3670756646216769,0.6336734693877552,978
107,6,rise,lstm,148,91,375,0.3884514435695538,0.24104234527687296,0.2829827915869981,0.3807531380753138,523
107,6,rise,persistence,106,365,417,0.21327967806841047,0.11936936936936937,0.20267686424474188,0.7749469214437368,523
107,6,siaga3,lstm,11056,266,50,0.9859104690565365,0.9722124516355962,0.9954979290473618,0.023494082317611728,11106
107,6,siaga3,persistence,10654,428,452,0.9603389219397873,0.9237038321484308,0.9593012785881505,0.038621187511279555,11106
107,12,p95,lstm,142,160,834,0.2222222222222222,0.125,0.14549180327868852,0.5298013245033113,976
107,12,p95,persistence,266,715,710,0.27184466019417475,0.15730337078651685,0.2725409836065574,0.7288481141692151,976
107,12,rise,lstm,54,13,499,0.17419354838709677,0.09540636042402827,0.09764918625678119,0.19402985074626866,553
107,12,rise,persistence,65,429,488,0.12416427889207259,0.06619144602851323,0.11754068716094032,0.868421052631579,553
107,12,siaga3,lstm,11072,386,16,0.9821697862148496,0.9649642670385219,0.9985569985569985,0.03368825274917089,11088
107,12,siaga3,persistence,10625,439,463,0.9592813289996388,0.9217489372776958,0.9582431457431457,0.03967823571945047,11088
107,24,p95,lstm,376,271,599,0.4636251541307028,0.3017656500802568,0.38564102564102565,0.4188562596599691,975
107,24,p95,persistence,452,525,523,0.46311475409836067,0.30133333333333334,0.4635897435897436,0.5373592630501536,975
107,24,rise,lstm,217,104,425,0.45067497403946,0.29088471849865954,0.338006230529595,0.32398753894080995,642
107,24,rise,persistence,229,197,413,0.4288389513108614,0.2729439809296782,0.35669781931464173,0.4624413145539906,642
107,24,siaga3,lstm,10931,213,126,0.9847304175487591,0.9699201419698315,0.9886045039341593,0.019113424264178034,11057
107,24,siaga3,persistence,10867,168,190,0.9837950389281188,0.9681069042316258,0.982816315456272,0.015224286361576802,11057
126,1,p95,lstm,0,0,0,,,,,0
126,1,p95,persistence,0,0,0,,,,,0
126,1,rise,lstm,473,2442,350,0.2530765115034778,0.14486983154670752,0.574726609963548,0.8377358490566038,823
126,1,rise,persistence,627,145,196,0.7862068965517242,0.6477272727272727,0.7618469015795869,0.1878238341968912,823
126,1,siaga3,lstm,0,0,1,0.0,0.0,0.0,,1
126,1,siaga3,persistence,0,1,1,0.0,0.0,0.0,1.0,1
126,6,p95,lstm,0,0,0,,,,,0
126,6,p95,persistence,0,0,0,,,,,0
126,6,rise,lstm,138,1143,485,0.14495798319327732,0.07814269535673839,0.22150882825040127,0.892271662763466,623
126,6,rise,persistence,193,362,430,0.32767402376910015,0.19593908629441625,0.3097913322632424,0.6522522522522523,623
126,6,siaga3,lstm,0,0,1,0.0,0.0,0.0,,1
126,6,siaga3,persistence,0,1,1,0.0,0.0,0.0,1.0,1
126,12,p95,lstm,0,0,0,,,,,0
126,12,p95,persistence,0,0,0,,,,,0
126,12,rise,lstm,124,1423,456,0.11659614480488951,0.0619071392910634,0.21379310344827587,0.9198448610213316,580
126,12,rise,persistence,125,373,455,0.23191094619666047,0.1311647429171039,0.21551724137931033,0.748995983935743,580
126,12,siaga3,lstm,0,0,1,0.0,0.0,0.0,,1
126,12,siaga3,persistence,0,1,1,0.0,0.0,0.0,1.0,1
126,24,p95,lstm,0,0,0,,,,,0
126,24,p95,persistence,0,0,0,,,,,0
126,24,rise,lstm,159,2103,397,0.11284599006387509,0.05979691613388492,0.28597122302158273,0.9297082228116711,556
126,24,rise,persistence,138,302,418,0.27710843373493976,0.16083916083916083,0.24820143884892087,0.6863636363636364,556
126,24,siaga3,lstm,0,0,1,0.0,0.0,0.0,,1
126,24,siaga3,persistence,0,1,1,0.0,0.0,0.0,1.0,1
140,1,p95,lstm,895,84,153,0.8830784410458806,0.7906360424028268,0.8540076335877863,0.08580183861082738,1048
140,1,p95,persistence,856,189,192,0.8179646440516005,0.6919967663702506,0.816793893129771,0.18086124401913875,1048
140,1,rise,lstm,474,50,80,0.8794063079777366,0.7847682119205298,0.855595667870036,0.09541984732824428,554
140,1,rise,persistence,421,124,133,0.7661510464058234,0.6209439528023599,0.759927797833935,0.22752293577981653,554
140,1,siaga3,lstm,7243,98,483,0.961438906218889,0.9257413087934561,0.937483820864613,0.013349679880125323,7726
140,1,siaga3,persistence,7384,317,342,0.9572826861995203,0.918065398483153,0.9557338855811546,0.04116348526165433,7726
140,6,p95,lstm,598,184,450,0.653551912568306,0.48538961038961037,0.5706106870229007,0.23529411764705882,1048
140,6,p95,persistence,243,804,805,0.23198090692124104,0.13120950323974082,0.2318702290076336,0.7679083094555874,1048
140,6,rise,lstm,328,152,222,0.6368932038834951,0.4672364672364672,0.5963636363636363,0.31666666666666665,550
140,6,rise,persistence,42,502,508,0.07678244972577697,0.039923954372623575,0.07636363636363637,0.9227941176470589,550
140,6,siaga3,lstm,6579,250,1142,0.9043298969072165,0.8253669552126458,0.8520916979665847,0.03660858105139845,7721
140,6,siaga3,persistence,6157,1544,1564,0.7984697185838413,0.6645439827307069,0.797435565341277,0.2004934424100766,7721
140,12,p95,lstm,506,101,536,0.613705275924803,0.4426946631671041,0.4856046065259117,0.16639209225700163,1042
140,12,p95,persistence,114,931,928,0.10924772400574988,0.05778003041054232,0.10940499040307101,0.8909090909090909,1042
140,12,rise,lstm,328,89,239,0.6666666666666666,0.5,0.5784832451499118,0.21342925659472423,567
140,12,rise,persistence,22,546,545,0.038766519823788544,0.019766397124887692,0.03880070546737213,0.9612676056338029,567
140,12,siaga3,lstm,6616,237,1099,0.9082921471718836,0.8319919517102615,0.857550226830849,0.03458339413395593,7715
140,12,siaga3,persistence,5684,2011,2031,0.7377027903958469,0.5844129138391939,0.736746597537265,0.26133853151397013,7715
140,24,p95,lstm,544,149,498,0.6270893371757925,0.45675902602854745,0.5220729366602687,0.215007215007215,1042
140,24,p95,persistence,775,263,267,0.7451923076923077,0.5938697318007663,0.7437619961612284,0.25337186897880537,1042
140,24,rise,lstm,354,95,243,0.6768642447418738,0.5115606936416185,0.592964824120603,0.21158129175946547,597
140,24,rise,persistence,378,116,219,0.692942254812099,0.5301542776998598,0.6331658291457286,0.23481781376518218,597
140,24,siaga3,lstm,6749,238,955,0.9187938193451773,0.8497859481238983,0.8760384215991692,0.0340632603406326,7704
140,24,siaga3,persistence,7255,421,449,0.9434330299089727,0.8929230769230769,0.9417185877466251,0.05484627410109432,7704
150,1,p95,lstm,902,30,102,0.9318181818181818,0.8723404255319149,0.898406374501992,0.032188841201716736,1004
150,1,p95,persistence,901,74,103,0.9105608893380496,0.8358070500927643,0.897410358565737,0.0758974358974359,1004
150,1,rise,lstm,500,26,84,0.9009009009009009,0.819672131147541,0.8561643835616438,0.049429657794676805,584
150,1,rise,persistence,483,48,101,0.8663677130044843,0.7642405063291139,0.827054794520548,0.0903954802259887,584
150,1,siaga3,lstm,808,31,105,0.9223744292237442,0.8559322033898306,0.8849945235487404,0.03694874851013111,913
150,1,siaga3,persistence,812,75,101,0.9022222222222223,0.8218623481781376,0.8893756845564075,0.08455467869222097,913
150,6,p95,lstm,399,97,600,0.5337792642140469,0.36405109489051096,0.3993993993993994,0.19556451612903225,999
150,6,p95,persistence,648,327,351,0.6565349544072948,0.48868778280542985,0.6486486486486487,0.3353846153846154,999
150,6,rise,lstm,163,92,471,0.36670416197975253,0.22451790633608815,0.25709779179810727,0.3607843137254902,634
150,6,rise,persistence,284,189,350,0.5130984643179766,0.3450789793438639,0.4479495268138801,0.39957716701902746,634
150,6,siaga3,lstm,313,61,597,0.48753894080996885,0.3223480947476828,0.34395604395604396,0.16310160427807488,910
150,6,siaga3,persistence,569,318,341,0.6332776850306066,0.46335504885993484,0.6252747252747253,0.35851183765501693,910
150,12,p95,lstm,190,110,807,0.29298380878951424,0.17163504968383017,0.1905717151454363,0.36666666666666664,997
150,12,p95,persistence,489,480,508,0.49745676500508645,0.3310765064319567,0.49047141424272817,0.4953560371517028,997
150,12,rise,lstm,36,53,626,0.09587217043941411,0.05034965034965035,0.054380664652567974,0.5955056179775281,662
150,12,rise,persistence,173,263,489,0.3151183970856102,0.18702702702702703,0.26132930513595165,0.6032110091743119,662
150,12,siaga3,lstm,108,66,800,0.19963031423290203,0.11088295687885011,0.11894273127753303,0.3793103448275862,908
150,12,siaga3,persistence,420,461,488,0.4695360536612633,0.30679327976625276,0.46255506607929514,0.5232690124858116,908
150,24,p95,lstm,21,0,958,0.042,0.021450459652706845,0.021450459652706845,0.0,979
150,24,p95,persistence,352,622,627,0.3604710701484895,0.2198625858838226,0.3595505617977528,0.6386036960985626,979
150,24,rise,lstm,6,8,705,0.016551724137931035,0.008344923504867872,0.008438818565400843,0.5714285714285714,711
150,24,rise,persistence,136,266,575,0.24438454627133874,0.13920163766632548,0.19127988748241911,0.6616915422885572,711
150,24,siaga3,lstm,4,0,886,0.008948545861297539,0.0044943820224719105,0.0044943820224719105,0.0,890
150,24,siaga3,persistence,306,581,584,0.34440067529544177,0.2080217539089055,0.3438202247191011,0.6550169109357384,890
162,1,p95,lstm,777,44,138,0.8951612903225806,0.8102189781021898,0.8491803278688524,0.0535931790499391,915
162,1,p95,persistence,695,220,220,0.7595628415300546,0.6123348017621145,0.7595628415300546,0.24043715846994534,915
162,1,rise,lstm,386,20,46,0.9212410501193318,0.8539823008849557,0.8935185185185185,0.04926108374384237,432
162,1,rise,persistence,321,111,111,0.7430555555555556,0.5911602209944752,0.7430555555555556,0.2569444444444444,432
162,1,siaga3,lstm,8167,88,218,0.981610576923077,0.9638852826625752,0.9740011926058437,0.010660205935796486,8385
162,1,siaga3,persistence,7931,436,454,0.9468720152817574,0.8991044099308468,0.945855694692904,0.052109477710051394,8385
162,6,p95,lstm,539,89,376,0.6986390149060272,0.5368525896414342,0.5890710382513661,0.14171974522292993,915
162,6,p95,persistence,42,874,873,0.045876570180229385,0.023476802683063163,0.04590163934426229,0.9541484716157205,915
162,6,rise,lstm,218,12,206,0.6666666666666666,0.5,0.5141509433962265,0.05217391304347826,424
162,6,rise,persistence,9,421,415,0.02107728337236534,0.010650887573964497,0.02122641509433962,0.9790697674418605,424
162,6,siaga3,lstm,7836,349,542,0.9462053975729035,0.8979030594706084,0.9353067557889712,0.042638973732437385,8378
162,6,siaga3,persistence,6063,2304,2315,0.7241564646163033,0.5675903388878487,0.7236810694676534,0.2753675152384367,8378
162,12,p95,lstm,603,105,311,0.7435265104808878,0.591756624141315,0.6597374179431073,0.1483050847457627,914
162,12,p95,persistence,2,917,912,0.002182214948172395,0.0010922992900054614,0.002188183807439825,0.9978237214363439,914
162,12,rise,lstm,250,33,176,0.7052186177715092,0.5446623093681917,0.5868544600938967,0.1166077738515901,426
162,12,rise,persistence,0,459,426,0.0,0.0,0.0,1.0,426
162,12,siaga3,lstm,7910,396,457,0.9488394410124152,0.9026589067670889,0.9453806621250149,0.04767637852155068,8367
162,12,siaga3,persistence,5275,3077,3092,0.6310186015910042,0.46094023068857043,0.6304529700011952,0.3684147509578544,8367
162,24,p95,lstm,544,125,363,0.6903553299492385,0.5271317829457365,0.5997794928335171,0.18684603886397608,907
162,24,p95,persistence,638,281,269,0.6987951807228916,0.5370370370370371,0.7034178610804851,0.3057671381936888,907
162,24,rise,lstm,227,55,186,0.6532374100719425,0.48504273504273504,0.549636803874092,0.1950354609929078,413
162,24,rise,persistence,269,121,144,0.6699875466998755,0.5037453183520599,0.6513317191283293,0.31025641025641026,413
162,24,siaga3,lstm,7834,394,507,0.9456213410586034,0.8968517458500286,0.9392159213523559,0.0478852698104035,8341
162,24,siaga3,persistence,7835,501,506,0.9396174371889429,0.8861117394254694,0.9393358110538305,0.06010076775431862,8341
164,1,p95,lstm,6182,66,176,0.9808027923211169,0.9623287671232876,0.972318339100346,0.01056338028169014,6358
164,1,p95,persistence,5991,99,367,0.9625642673521851,0.9278302617314542,0.9422774457376534,0.01625615763546798,6358
164,1,rise,lstm,325,61,142,0.7620164126611958,0.615530303030303,0.69593147751606,0.15803108808290156,467
164,1,rise,persistence,348,49,119,0.8055555555555556,0.6744186046511628,0.7451820128479657,0.12342569269521411,467
164,1,siaga3,lstm,2881,64,3050,0.6491662911221271,0.4805671392827356,0.4857528241443264,0.02173174872665535,5931
164,1,siaga3,persistence,5657,158,274,0.9632215222203303,0.9290523895549351,0.9538020569887035,0.027171109200343938,5931
164,6,p95,lstm,4554,219,1774,0.8204666246284118,0.6955857644722774,0.7196586599241467,0.0458830923947203,6328
164,6,p95,persistence,5820,270,508,0.9373490095023354,0.8820854804486208,0.9197218710493047,0.04433497536945813,6328
164,6,rise,lstm,155,494,344,0.2700348432055749,0.15609264853977844,0.3106212424849699,0.7611710323574731,499
164,6,rise,persistence,186,153,313,0.4439140811455847,0.2852760736196319,0.3727454909819639,0.45132743362831856,499
164,6,siaga3,lstm,1095,140,4806,0.3068946188340807,0.18126138056613145,0.18556176919166242,0.11336032388663968,5901
164,6,siaga3,persistence,5363,452,538,0.9155001707067258,0.8441681095545411,0.908829012031859,0.07773000859845228,5901
164,12,p95,lstm,2523,198,3786,0.5588039867109634,0.3877362840018442,0.39990489776509747,0.07276736493936053,6309
164,12,p95,persistence,5721,342,588,0.9248302618816683,0.8601714027965719,0.9067998097955302,0.056407718951014346,6309
164,12,rise,lstm,157,219,385,0.3420479302832244,0.20630749014454666,0.2896678966789668,0.5824468085106383,542
164,12,rise,persistence,142,177,400,0.32984901277584205,0.19749652294853964,0.26199261992619927,0.554858934169279,542
164,12,siaga3,lstm,684,89,5196,0.20562152412445514,0.11459205897135198,0.11632653061224489,0.11513583441138421,5880
164,12,siaga3,persistence,5268,521,612,0.9029051332590625,0.8229964068114357,0.8959183673469387,0.08999827258593884,5880
164,24,p95,lstm,3459,296,2829,0.6888379966145574,0.5253645200486027,0.5500954198473282,0.07882822902796272,6288
164,24,p95,persistence,5668,375,620,0.9193090584705215,0.8506678673270298,0.9013994910941476,0.06205527056097965,6288
164,24,rise,lstm,197,182,450,0.3840155945419103,0.2376357056694813,0.3044822256568779,0.48021108179419525,647
164,24,rise,persistence,195,101,452,0.4135737009544008,0.2606951871657754,0.30139103554868624,0.34121621621621623,647
164,24,siaga3,lstm,973,213,4871,0.2768136557610242,0.16064058114578175,0.1664955509924709,0.17959527824620575,5844
164,24,siaga3,persistence,5180,591,664,0.8919500645716746,0.804972804972805,0.8863791923340179,0.10240859469762606,5844
166,1,p95,lstm,1627,112,238,0.9028856825749167,0.8229640870005058,0.8723860589812332,0.06440483036227718,1865
166,1,p95,persistence,1645,176,220,0.8925664677156809,0.8059774620284175,0.8820375335120644,0.09665019220208676,1865
166,1,rise,lstm,257,25,56,0.8638655462184874,0.7603550295857988,0.8210862619808307,0.08865248226950355,313
166,1,rise,persistence,237,35,76,0.8102564102564103,0.6810344827586207,0.7571884984025559,0.12867647058823528,313
166,1,siaga3,lstm,2260,208,177,0.9215086646279307,0.8544423440453687,0.9273697168649979,0.08427876823338736,2437
166,1,siaga3,persistence,2219,168,218,0.9199834162520729,0.8518234165067179,0.9105457529749692,0.07038123167155426,2437
166,6,p95,lstm,838,358,1011,0.5504105090311987,0.3797009515178976,0.45321795565170364,0.2993311036789298,1849
166,6,p95,persistence,1034,787,815,0.5634877384196185,0.3922610015174507,0.5592212006489995,0.43218012081274026,1849
166,6,rise,lstm,59,79,207,0.29207920792079206,0.17101449275362318,0.22180451127819548,0.572463768115942,266
166,6,rise,persistence,85,112,181,0.367170626349892,0.22486772486772486,0.31954887218045114,0.5685279187817259,266
166,6,siaga3,lstm,1410,393,1010,0.6677717262609519,0.5012442232492001,0.5826446280991735,0.21797004991680533,2420
166,6,siaga3,persistence,1586,801,834,0.6598710214270855,0.4923936665631791,0.6553719008264463,0.3355676581483033,2420
166,12,p95,lstm,870,364,970,0.5660377358490566,0.39473684210526316,0.47282608695652173,0.29497568881685576,1840
166,12,p95,persistence,789,1015,1051,0.43304061470911087,0.2763572679509632,0.42880434782608695,0.5626385809312638,1840
166,12,rise,lstm,20,24,244,0.12987012987012986,0.06944444444444445,0.07575757575757576,0.5454545454545454,264
166,12,rise,persistence,54,111,210,0.2517482517482518,0.144,0.20454545454545456,0.6727272727272727,264
166,12,siaga3,lstm,1321,351,1084,0.6480255089526613,0.4793178519593614,0.5492723492723492,0.20992822966507177,2405
166,12,siaga3,persistence,1303,1065,1102,0.5459878483134297,0.3755043227665706,0.5417879417879418,0.4497466216216216,2405
166,24,p95,lstm,606,199,1217,0.4611872146118721,0.2997032640949555,0.3324190894130554,0.24720496894409938,1823
166,24,p95,persistence,1150,645,673,0.6357103372028745,0.4659643435980551,0.6308283049917718,0.3593314763231198,1823
166,24,rise,lstm,10,6,237,0.07604562737642585,0.039525691699604744,0.04048582995951417,0.375,247
166,24,rise,persistence,35,90,212,0.1881720430107527,0.10385756676557864,0.1417004048582996,0.72,247
166,24,siaga3,lstm,1407,363,999,0.6738505747126436,0.5081256771397616,0.5847880299251871,0.20508474576271185,2406
166,24,siaga3,persistence,1733,625,673,0.7275398824517213,0.5717584955460244,0.7202826267664173,0.2650551314673452,2406
167,1,p95,lstm,1005,42,44,0.958969465648855,0.921173235563703,0.9580552907530981,0.04011461318051576,1049
167,1,p95,persistence,964,85,85,0.9189704480457579,0.8500881834215167,0.9189704480457579,0.08102955195424213,1049
167,1,rise,lstm,838,81,105,0.9001074113856069,0.818359375,0.8886532343584306,0.088139281828074,943
167,1,rise,persistence,764,120,179,0.836343732895457,0.7187206020696143,0.8101802757158006,0.13574660633484162,943
167,1,siaga3,lstm,25,6,3,0.847457627118644,0.7352941176470589,0.8928571428571429,0.1935483870967742,28
167,1,siaga3,persistence,26,2,2,0.9285714285714286,0.8666666666666667,0.9285714285714286,0.07142857142857142,28
167,6,p95,lstm,526,261,523,0.5729847494553377,0.4015267175572519,0.5014299332697807,0.33163913595933925,1049
167,6,p95,persistence,651,398,398,0.6205910390848427,0.4498963372494817,0.6205910390848427,0.3794089609151573,1049
167,6,rise,lstm,294,225,714,0.3850687622789784,0.2384428223844282,0.2916666666666667,0.43352601156069365,1008
167,6,rise,persistence,343,347,665,0.4040047114252061,0.25313653136531367,0.3402777777777778,0.5028985507246376,1008
167,6,siaga3,lstm,0,0,28,0.0,0.0,0.0,,28
167,6,siaga3,persistence,16,12,12,0.5714285714285714,0.4,0.5714285714285714,0.42857142857142855,28
167,12,p95,lstm,156,176,893,0.22592324402606806,0.1273469387755102,0.14871306005719734,0.5301204819277109,1049
167,12,p95,persistence,423,626,626,0.40324118207816967,0.2525373134328358,0.40324118207816967,0.5967588179218303,1049
167,12,rise,lstm,101,117,875,0.16917922948073702,0.09240622140896615,0.10348360655737705,0.536697247706422,976
167,12,rise,persistence,172,371,804,0.22646477946017116,0.1276911655530809,0.1762295081967213,0.6832412523020258,976
167,12,siaga3,lstm,0,0,28,0.0,0.0,0.0,,28
167,12,siaga3,persistence,5,23,23,0.17857142857142858,0.09803921568627451,0.17857142857142858,0.8214285714285714,28
167,24,p95,lstm,89,116,959,0.1420590582601756,0.07646048109965636,0.08492366412213741,0.5658536585365853,1048
167,24,p95,persistence,341,708,707,0.3252265140677158,0.19419134396355353,0.32538167938931295,0.674928503336511,1048
167,24,rise,lstm,17,25,984,0.032598274209012464,0.016569200779727095,0.016983016983016984,0.5952380952380952,1001
167,24,rise,persistence,77,298,924,0.1119186046511628,0.059276366435719784,0.07692307692307693,0.7946666666666666,1001
167,24,siaga3,lstm,0,0,28,0.0,0.0,0.0,,28
167,24,siaga3,persistence,0,28,28,0.0,0.0,0.0,1.0,28
169,1,p95,lstm,1301,98,150,0.9129824561403509,0.8398967075532602,0.8966230186078566,0.07005003573981415,1451
169,1,p95,persistence,1203,242,248,0.8308011049723757,0.7105729474305966,0.8290833907649897,0.1674740484429066,1451
169,1,rise,lstm,1018,78,130,0.9073083778966132,0.8303425774877651,0.8867595818815331,0.07116788321167883,1148
169,1,rise,persistence,924,199,224,0.8137384412153237,0.6859688195991092,0.8048780487804879,0.1772039180765806,1148
169,1,siaga3,lstm,58,17,25,0.7341772151898734,0.58,0.6987951807228916,0.22666666666666666,83
169,1,siaga3,persistence,58,25,25,0.6987951807228916,0.5370370370370371,0.6987951807228916,0.30120481927710846,83
169,6,p95,lstm,547,190,904,0.5,0.3333333333333333,0.3769813921433494,0.25780189959294436,1451
169,6,p95,persistence,373,1073,1078,0.2575077666551605,0.14778129952456417,0.2570640937284631,0.7420470262793915,1451
169,6,rise,lstm,357,145,786,0.4340425531914894,0.27717391304347827,0.3123359580052493,0.28884462151394424,1143
169,6,rise,persistence,201,884,942,0.18043087971274685,0.09916132215096202,0.17585301837270342,0.8147465437788018,1143
169,6,siaga3,lstm,0,0,83,0.0,0.0,0.0,,83
169,6,siaga3,persistence,11,72,72,0.13253012048192772,0.07096774193548387,0.13253012048192772,0.8674698795180723,83
169,12,p95,lstm,327,136,1122,0.34205020920502094,0.20630914826498423,0.22567287784679088,0.2937365010799136,1449
169,12,p95,persistence,213,1237,1236,0.14694722318040704,0.07930007446016381,0.14699792960662525,0.853103448275862,1449
169,12,rise,lstm,178,70,945,0.25966447848285923,0.14920368818105617,0.1585040071237756,0.28225806451612906,1123
169,12,rise,persistence,88,985,1035,0.08014571948998178,0.04174573055028463,0.07836153161175423,0.9179869524697111,1123
169,12,siaga3,lstm,0,0,83,0.0,0.0,0.0,,83
169,12,siaga3,persistence,4,79,79,0.04819277108433735,0.024691358024691357,0.04819277108433735,0.9518072289156626,83
169,24,p95,lstm,399,159,1039,0.3997995991983968,0.2498434564809017,0.27746870653685674,0.2849462365591398,1438
169,24,p95,persistence,671,779,767,0.4646814404432133,0.3026612539467749,0.4666203059805285,0.5372413793103449,1438
169,24,rise,lstm,272,107,861,0.35978835978835977,0.21935483870967742,0.24007060900264784,0.28232189973614774,1133
169,24,rise,persistence,444,621,689,0.40400363967242947,0.2531356898517674,0.3918799646954987,0.5830985915492958,1133
169,24,siaga3,lstm,0,0,83,0.0,0.0,0.0,,83
169,24,siaga3,persistence,0,83,83,0.0,0.0,0.0,1.0,83
170,1,p95,lstm,3003,105,194,0.9525773195876288,0.9094488188976378,0.9393181107288082,0.033783783783783786,3197
170,1,p95,persistence,2960,229,237,0.9270278734732227,0.8639813193228254,0.925868001251173,0.0718093446221386,3197
170,1,rise,lstm,312,19,69,0.8764044943820225,0.78,0.8188976377952756,0.05740181268882175,381
170,1,rise,persistence,303,53,78,0.8222523744911805,0.6981566820276498,0.7952755905511811,0.14887640449438203,381
170,1,siaga3,lstm,1571,82,296,0.8926136363636363,0.806054386865059,0.8414568826995179,0.049606775559588624,1867
170,1,siaga3,persistence,1632,229,235,0.8755364806866953,0.7786259541984732,0.874129619710766,0.123052122514777,1867
170,6,p95,lstm,1746,416,1451,0.6516141071095354,0.4832549128148353,0.5461370034407257,0.19241443108233117,3197
170,6,p95,persistence,2105,1084,1092,0.6592546194801128,0.4917075449661294,0.658429777916797,0.33991846973973033,3197
170,6,rise,lstm,92,82,231,0.3702213279678068,0.2271604938271605,0.2848297213622291,0.47126436781609193,323
170,6,rise,persistence,102,144,221,0.3585237258347979,0.21841541755888652,0.3157894736842105,0.5853658536585366,323
170,6,siaga3,lstm,586,346,1281,0.41872097177563417,0.26479891549932216,0.3138725227637922,0.37124463519313305,1867
170,6,siaga3,persistence,860,1001,1007,0.4613733905579399,0.299860529986053,0.4606320299946438,0.53788285867813,1867
170,12,p95,lstm,65,13,3126,0.039767513000917715,0.02028714107365793,0.020369790034471952,0.16666666666666666,3191
170,12,p95,persistence,1729,1454,1462,0.5425164731722624,0.3722282023681378,0.5418364149169539,0.45680175934652845,3191
170,12,rise,lstm,7,12,315,0.04105571847507331,0.020958083832335328,0.021739130434782608,0.631578947368421,322
170,12,rise,persistence,46,171,276,0.17068645640074212,0.09330628803245436,0.14285714285714285,0.7880184331797235,322
170,12,siaga3,lstm,0,0,1863,0.0,0.0,0.0,,1863
170,12,siaga3,persistence,568,1288,1295,0.30545845657434795,0.1802602348460806,0.3048845947396672,0.6939655172413793,1863
170,24,p95,lstm,179,35,3001,0.10548025928108426,0.05567651632970451,0.05628930817610063,0.16355140186915887,3180
170,24,p95,persistence,2423,758,757,0.7618299009589687,0.6152869476891824,0.7619496855345912,0.23828984596038982,3180
170,24,rise,lstm,7,18,287,0.0438871473354232,0.022435897435897436,0.023809523809523808,0.72,294
170,24,rise,persistence,33,138,261,0.14193548387096774,0.0763888888888889,0.11224489795918367,0.8070175438596491,294
170,24,siaga3,lstm,1,2,1857,0.0010746910263299302,0.0005376344086021505,0.0005382131324004305,0.6666666666666666,1858
170,24,siaga3,persistence,1040,816,818,0.5600430802369413,0.3889304412864622,0.5597416576964478,0.4396551724137931,1858
179,1,p95,lstm,4181,79,1061,0.8800252578404546,0.7857545574140199,0.7975963372758489,0.018544600938967135,5242
179,1,p95,persistence,4786,274,456,0.9291399728208115,0.8676577229876722,0.9130103014116749,0.0541501976284585,5242
179,1,rise,lstm,185,41,594,0.3681592039800995,0.22560975609756098,0.2374839537869063,0.18141592920353983,779
179,1,rise,persistence,496,187,283,0.6785225718194254,0.5134575569358178,0.6367137355584083,0.27379209370424595,779
179,1,siaga3,lstm,0,0,648,0.0,0.0,0.0,,648
179,1,siaga3,persistence,485,100,163,0.786699107866991,0.6483957219251337,0.7484567901234568,0.17094017094017094,648
179,6,p95,lstm,271,130,4950,0.09640697260761295,0.05064473930106522,0.05190576517908447,0.32418952618453867,5221
179,6,p95,persistence,3862,1195,1359,0.7515080755010702,0.601932668329177,0.7397050373491668,0.23630611034210006,5221
179,6,rise,lstm,91,63,692,0.19423692636072573,0.10756501182033097,0.11621966794380588,0.4090909090909091,783
179,6,rise,persistence,118,557,665,0.16186556927297668,0.0880597014925373,0.15070242656449553,0.8251851851851851,783
179,6,siaga3,lstm,0,0,644,0.0,0.0,0.0,,644
179,6,siaga3,persistence,168,417,476,0.27339300244100895,0.1583411875589067,0.2608695652173913,0.7128205128205128,644
179,12,p95,lstm,1226,86,3986,0.37584304107909255,0.2314080785201963,0.23522640061396777,0.06554878048780488,5212
179,12,p95,persistence,3446,1580,1766,0.6731783551474897,0.5073616018845701,0.6611665387567153,0.3143653004377238,5212
179,12,rise,lstm,111,28,639,0.24971878515185603,0.14267352185089974,0.148,0.2014388489208633,750
179,12,rise,persistence,60,590,690,0.08571428571428572,0.04477611940298507,0.08,0.9076923076923077,750
179,12,siaga3,lstm,0,0,653,0.0,0.0,0.0,,653
179,12,siaga3,persistence,59,516,594,0.09609120521172639,0.0504704875962361,0.0903522205206738,0.8973913043478261,653
179,24,p95,lstm,337,62,4856,0.12052932761087268,0.06412940057088487,0.064895051030233,0.15538847117794485,5193
179,24,p95,persistence,4682,320,511,0.9184894556154978,0.8492653727553057,0.9015983054111304,0.06397441023590564,5193
179,24,rise,lstm,138,32,646,0.2893081761006289,0.16911764705882354,0.1760204081632653,0.18823529411764706,784
179,24,rise,persistence,434,169,350,0.6258111031002163,0.45540398740818466,0.5535714285714286,0.2802653399668325,784
179,24,siaga3,lstm,0,0,681,0.0,0.0,0.0,,681
179,24,siaga3,persistence,459,120,222,0.7285714285714285,0.5730337078651685,0.6740088105726872,0.20725388601036268,681
181,1,p95,lstm,4441,254,875,0.8872240535411048,0.7973070017953321,0.8354025583145221,0.05410010649627263,5316
181,1,p95,persistence,4702,512,614,0.8930674264007598,0.8067947838023336,0.8844996237772762,0.09819716148830072,5316
181,1,rise,lstm,91,43,927,0.1579861111111111,0.08576814326107446,0.0893909626719057,0.3208955223880597,1018
181,1,rise,persistence,419,534,599,0.42516489091831555,0.2699742268041237,0.41159135559921417,0.5603357817418678,1018
181,1,siaga3,lstm,0,0,947,0.0,0.0,0.0,,947
181,1,siaga3,persistence,652,252,295,0.7044840626688277,0.5437864887406172,0.6884899683210137,0.27876106194690264,947
181,6,p95,lstm,538,0,4767,0.18415197672428546,0.10141376060320452,0.10141376060320452,0.0,5305
181,6,p95,persistence,3833,1378,1472,0.7289844047166223,0.5735448152027532,0.7225259189443921,0.26444060640951833,5305
181,6,rise,lstm,5,0,1046,0.00946969696969697,0.004757373929590866,0.004757373929590866,0.0,1051
181,6,rise,persistence,135,827,916,0.13412816691505217,0.07188498402555911,0.12844909609895339,0.8596673596673596,1051
181,6,siaga3,lstm,0,0,946,0.0,0.0,0.0,,946
181,6,siaga3,persistence,315,589,631,0.34054054054054056,0.20521172638436483,0.33298097251585623,0.6515486725663717,946
181,12,p95,lstm,770,10,4517,0.2538322070215922,0.14536530111383802,0.14564024966899944,0.01282051282051282,5287
181,12,p95,persistence,3373,1816,1914,0.6439480717831233,0.47486977333521047,0.6379799508227728,0.3499710926960879,5287
181,12,rise,lstm,22,0,1044,0.04044117647058824,0.020637898686679174,0.020637898686679174,0.0,1066
181,12,rise,persistence,142,856,924,0.1375968992248062,0.07388137356919876,0.13320825515947468,0.8577154308617234,1066
181,12,siaga3,lstm,0,0,945,0.0,0.0,0.0,,945
181,12,siaga3,persistence,211,692,734,0.22835497835497837,0.12889431887599268,0.22328042328042327,0.7663344407530454,945
181,24,p95,lstm,139,22,5129,0.05120648369865537,0.026275992438563326,0.026385725132877753,0.13664596273291926,5268
181,24,p95,persistence,4533,630,735,0.8691400632729365,0.7685656154628687,0.8604783599088838,0.12202208018593841,5268
181,24,rise,lstm,39,8,1058,0.06818181818181818,0.03529411764705882,0.03555150410209663,0.1702127659574468,1097
181,24,rise,persistence,265,673,832,0.26044226044226043,0.1497175141242938,0.2415679124886053,0.7174840085287847,1097
181,24,siaga3,lstm,0,0,944,0.0,0.0,0.0,,944
181,24,siaga3,persistence,535,360,409,0.5818379554105492,0.4102760736196319,0.5667372881355932,0.4022346368715084,944
184,1,p95,lstm,3699,48,779,0.8994528875379939,0.8172779496243924,0.8260384100044663,0.012810248198558846,4478
184,1,p95,persistence,4199,229,279,0.9429598023804177,0.8920756320373912,0.9376953997320232,0.0517163504968383,4478
184,1,rise,lstm,50,9,373,0.2074688796680498,0.11574074074074074,0.1182033096926714,0.15254237288135594,423
184,1,rise,persistence,289,130,134,0.6864608076009501,0.5226039783001808,0.6832151300236406,0.31026252983293556,423
184,1,siaga3,lstm,0,0,552,0.0,0.0,0.0,,552
184,1,siaga3,persistence,461,88,91,0.8374205267938238,0.7203125,0.8351449275362319,0.16029143897996356,552
184,6,p95,lstm,421,24,4028,0.17204740498569676,0.09412027721886877,0.09462800629354912,0.05393258426966292,4449
184,6,p95,persistence,3562,868,887,0.8023426061493412,0.6699266503667481,0.800629354911216,0.19593679458239277,4449
184,6,rise,lstm,25,8,410,0.10683760683760683,0.056433408577878104,0.05747126436781609,0.24242424242424243,435
184,6,rise,persistence,14,421,421,0.03218390804597701,0.016355140186915886,0.03218390804597701,0.967816091954023,435
184,6,siaga3,lstm,0,0,550,0.0,0.0,0.0,,550
184,6,siaga3,persistence,130,419,420,0.23657870791628755,0.13415892672858618,0.23636363636363636,0.7632058287795993,550
184,12,p95,lstm,535,25,3876,0.2152484409575538,0.12060414788097384,0.12128768986624348,0.044642857142857144,4411
184,12,p95,persistence,3266,1130,1145,0.7416827523560804,0.5894242916441076,0.7404216730900023,0.2570518653321201,4411
184,12,rise,lstm,26,10,391,0.11479028697571744,0.06088992974238876,0.06235011990407674,0.2777777777777778,417
184,12,rise,persistence,3,454,414,0.006864988558352402,0.003444316877152698,0.007194244604316547,0.9934354485776805,417
184,12,siaga3,lstm,0,0,542,0.0,0.0,0.0,,542
184,12,siaga3,persistence,3,546,539,0.005499541704857928,0.0027573529411764708,0.005535055350553505,0.994535519125683,542
184,24,p95,lstm,2413,36,1928,0.7107511045655376,0.5512908384738405,0.5558627044459802,0.014699877501020826,4341
184,24,p95,persistence,4072,256,269,0.9394393817049256,0.8857950837502719,0.9380327113568302,0.059149722735674676,4341
184,24,rise,lstm,22,10,396,0.09777777777777778,0.0514018691588785,0.05263157894736842,0.3125,418
184,24,rise,persistence,255,135,163,0.6311881188118812,0.46112115732368897,0.6100478468899522,0.34615384615384615,418
184,24,siaga3,lstm,0,0,529,0.0,0.0,0.0,,529
184,24,siaga3,persistence,418,121,111,0.7827715355805244,0.6430769230769231,0.7901701323251418,0.22448979591836735,529
187,1,p95,lstm,5588,80,131,0.981470097479582,0.9636144162786687,0.977093897534534,0.014114326040931546,5719
187,1,p95,persistence,5472,219,247,0.9591586327782646,0.9215223981138431,0.9568106312292359,0.03848181338956247,5719
187,1,rise,lstm,144,11,414,0.40392706872370265,0.2530755711775044,0.25806451612903225,0.07096774193548387,558
187,1,rise,persistence,407,149,151,0.7307001795332136,0.5756718528995757,0.7293906810035843,0.26798561151079137,558
187,1,siaga3,lstm,0,0,605,0.0,0.0,0.0,,605
187,1,siaga3,persistence,515,90,90,0.8512396694214877,0.7410071942446043,0.8512396694214877,0.1487603305785124,605
187,6,p95,lstm,4520,96,1187,0.8757144241015209,0.7789074616577633,0.7920098125109515,0.02079722703639515,5707
187,6,p95,persistence,4659,1034,1048,0.8173684210526316,0.6911437472185136,0.8163658664797617,0.1816265589320218,5707
187,6,rise,lstm,67,4,484,0.21543408360128619,0.12072072072072072,0.12159709618874773,0.056338028169014086,551
187,6,rise,persistence,33,528,518,0.05935251798561151,0.030583873957367932,0.05989110707803993,0.9411764705882353,551
187,6,siaga3,lstm,0,0,603,0.0,0.0,0.0,,603
187,6,siaga3,persistence,133,472,470,0.22019867549668873,0.12372093023255815,0.22056384742951907,0.7801652892561983,603
187,12,p95,lstm,5457,554,234,0.9326610835754572,0.8738190552441953,0.9588824459673169,0.09216436533022791,5691
187,12,p95,persistence,4479,1192,1212,0.788417532124626,0.6507336917041987,0.7870321560358461,0.21019220596014812,5691
187,12,rise,lstm,99,15,472,0.28905109489051095,0.1689419795221843,0.1733800350262697,0.13157894736842105,571
187,12,rise,persistence,12,598,559,0.02032176121930567,0.010265183917878529,0.021015761821366025,0.980327868852459,571
187,12,siaga3,lstm,0,0,603,0.0,0.0,0.0,,603
187,12,siaga3,persistence,2,603,601,0.0033112582781456954,0.001658374792703151,0.003316749585406302,0.996694214876033,603
187,24,p95,lstm,3640,55,2025,0.7777777777777778,0.6363636363636364,0.6425419240953222,0.014884979702300407,5665
187,24,p95,persistence,5368,263,297,0.9504249291784702,0.9055330634278003,0.9475728155339805,0.0467057361037116,5665
187,24,rise,lstm,96,6,509,0.27157001414427157,0.15711947626841244,0.15867768595041323,0.058823529411764705,605
187,24,rise,persistence,388,137,217,0.6867256637168142,0.522911051212938,0.6413223140495867,0.26095238095238094,605
187,24,siaga3,lstm,0,0,603,0.0,0.0,0.0,,603
187,24,siaga3,persistence,496,102,107,0.8259783513738551,0.7035460992907802,0.8225538971807629,0.1705685618729097,603
