stasiun_id,horizon,level,method,tp,fp,fn,f1,csi,pod,far,n_obs_hours
107,1,siaga2,lstm,1026,79,113,0.9144385026737968,0.8423645320197044,0.9007901668129938,0.07149321266968325,1139
107,1,siaga2,persistence,968,170,171,0.8502415458937198,0.7394957983193278,0.8498683055311677,0.14938488576449913,1139
107,1,siaga3,lstm,11056,30,65,0.9957220696176882,0.9914805847009237,0.9941552018703353,0.0027061158217571712,11121
107,1,siaga3,persistence,10968,114,153,0.9879745980272936,0.9762349799732978,0.9862422444024818,0.01028695181375203,11121
107,6,siaga2,lstm,521,243,618,0.5475564897530215,0.37698986975397974,0.45741878841088673,0.3180628272251309,1139
107,6,siaga2,persistence,416,724,723,0.36507240017551557,0.22329575952764358,0.3652326602282704,0.6350877192982456,1139
107,6,siaga3,lstm,11056,266,50,0.9859104690565365,0.9722124516355962,0.9954979290473618,0.023494082317611728,11106
107,6,siaga3,persistence,10654,428,452,0.9603389219397873,0.9237038321484308,0.9593012785881505,0.038621187511279555,11106
107,12,siaga2,lstm,251,182,886,0.3197452229299363,0.19029567854435178,0.22075637642919965,0.42032332563510394,1137
107,12,siaga2,persistence,297,845,840,0.2606406318560772,0.14984863773965693,0.2612137203166227,0.7399299474605955,1137
107,12,siaga3,lstm,11072,386,16,0.9821697862148496,0.9649642670385219,0.9985569985569985,0.03368825274917089,11088
107,12,siaga3,persistence,10625,439,463,0.9592813289996388,0.9217489372776958,0.9582431457431457,0.03967823571945047,11088
107,24,siaga2,lstm,485,337,651,0.49540347293156284,0.3292600135777325,0.4269366197183099,0.4099756690997567,1136
107,24,siaga2,persistence,550,586,586,0.4841549295774648,0.31939605110336816,0.4841549295774648,0.5158450704225352,1136
107,24,siaga3,lstm,10931,213,126,0.9847304175487591,0.9699201419698315,0.9886045039341593,0.019113424264178034,11057
107,24,siaga3,persistence,10867,168,190,0.9837950389281188,0.9681069042316258,0.982816315456272,0.015224286361576802,11057
126,1,siaga2,lstm,0,0,0,,,,,0
126,1,siaga2,persistence,0,0,0,,,,,0
126,1,siaga3,lstm,0,0,1,0.0,0.0,0.0,,1
126,1,siaga3,persistence,0,1,1,0.0,0.0,0.0,1.0,1
126,6,siaga2,lstm,0,0,0,,,,,0
126,6,siaga2,persistence,0,0,0,,,,,0
126,6,siaga3,lstm,0,0,1,0.0,0.0,0.0,,1
126,6,siaga3,persistence,0,1,1,0.0,0.0,0.0,1.0,1
126,12,siaga2,lstm,0,0,0,,,,,0
126,12,siaga2,persistence,0,0,0,,,,,0
126,12,siaga3,lstm,0,0,1,0.0,0.0,0.0,,1
126,12,siaga3,persistence,0,1,1,0.0,0.0,0.0,1.0,1
126,24,siaga2,lstm,0,0,0,,,,,0
126,24,siaga2,persistence,0,0,0,,,,,0
126,24,siaga3,lstm,0,0,1,0.0,0.0,0.0,,1
126,24,siaga3,persistence,0,1,1,0.0,0.0,0.0,1.0,1
140,1,siaga2,lstm,3300,136,214,0.9496402877697842,0.9041095890410958,0.9391007398975526,0.03958090803259604,3514
140,1,siaga2,persistence,3135,360,379,0.8945641318305037,0.8092410944759938,0.892145702902675,0.10300429184549356,3514
140,1,siaga3,lstm,7243,98,483,0.961438906218889,0.9257413087934561,0.937483820864613,0.013349679880125323,7726
140,1,siaga3,persistence,7384,317,342,0.9572826861995203,0.918065398483153,0.9557338855811546,0.04116348526165433,7726
140,6,siaga2,lstm,2589,475,920,0.7877681424007302,0.6498493975903614,0.737817041892277,0.15502610966057442,3509
140,6,siaga2,persistence,1524,1975,1985,0.4349315068493151,0.2778993435448578,0.4343117697349672,0.5644469848528151,3509
140,6,siaga3,lstm,6579,250,1142,0.9043298969072165,0.8253669552126458,0.8520916979665847,0.03660858105139845,7721
140,6,siaga3,persistence,6157,1544,1564,0.7984697185838413,0.6645439827307069,0.797435565341277,0.2004934424100766,7721
140,12,siaga2,lstm,2599,268,904,0.8160125588697017,0.6892071068682047,0.7419354838709677,0.09347750261597489,3503
140,12,siaga2,persistence,612,2887,2891,0.17480719794344474,0.09577464788732394,0.17470739366257493,0.8250928836810517,3503
140,12,siaga3,lstm,6616,237,1099,0.9082921471718836,0.8319919517102615,0.857550226830849,0.03458339413395593,7715
140,12,siaga3,persistence,5684,2011,2031,0.7377027903958469,0.5844129138391939,0.736746597537265,0.26133853151397013,7715
140,24,siaga2,lstm,2722,280,773,0.8379251962444205,0.7210596026490066,0.778826895565093,0.09327115256495669,3495
140,24,siaga2,persistence,3034,456,461,0.8687186828919112,0.7679068590230321,0.8680972818311874,0.13065902578796562,3495
140,24,siaga3,lstm,6749,238,955,0.9187938193451773,0.8497859481238983,0.8760384215991692,0.0340632603406326,7704
140,24,siaga3,persistence,7255,421,449,0.9434330299089727,0.8929230769230769,0.9417185877466251,0.05484627410109432,7704
150,1,siaga2,lstm,76,13,44,0.7272727272727273,0.5714285714285714,0.6333333333333333,0.14606741573033707,120
150,1,siaga2,persistence,87,25,33,0.75,0.6,0.725,0.22321428571428573,120
150,1,siaga3,lstm,808,31,105,0.9223744292237442,0.8559322033898306,0.8849945235487404,0.03694874851013111,913
150,1,siaga3,persistence,812,75,101,0.9022222222222223,0.8218623481781376,0.8893756845564075,0.08455467869222097,913
150,6,siaga2,lstm,0,0,120,0.0,0.0,0.0,,120
150,6,siaga2,persistence,29,83,91,0.25,0.14285714285714285,0.24166666666666667,0.7410714285714286,120
150,6,siaga3,lstm,313,61,597,0.48753894080996885,0.3223480947476828,0.34395604395604396,0.16310160427807488,910
150,6,siaga3,persistence,569,318,341,0.6332776850306066,0.46335504885993484,0.6252747252747253,0.35851183765501693,910
150,12,siaga2,lstm,0,0,119,0.0,0.0,0.0,,119
150,12,siaga2,persistence,4,108,115,0.03463203463203463,0.01762114537444934,0.03361344537815126,0.9642857142857143,119
150,12,siaga3,lstm,108,66,800,0.19963031423290203,0.11088295687885011,0.11894273127753303,0.3793103448275862,908
150,12,siaga3,persistence,420,461,488,0.4695360536612633,0.30679327976625276,0.46255506607929514,0.5232690124858116,908
150,24,siaga2,lstm,0,0,108,0.0,0.0,0.0,,108
150,24,siaga2,persistence,5,107,103,0.045454545454545456,0.023255813953488372,0.046296296296296294,0.9553571428571429,108
150,24,siaga3,lstm,4,0,886,0.008948545861297539,0.0044943820224719105,0.0044943820224719105,0.0,890
150,24,siaga3,persistence,306,581,584,0.34440067529544177,0.2080217539089055,0.3438202247191011,0.6550169109357384,890
162,1,siaga2,lstm,3696,136,245,0.9509841759938248,0.9065489330389993,0.9378330373001776,0.03549060542797495,3941
162,1,siaga2,persistence,3442,484,499,0.8750476674717172,0.7778531073446328,0.8733823902562802,0.12328069281711666,3941
162,1,siaga3,lstm,8167,88,218,0.981610576923077,0.9638852826625752,0.9740011926058437,0.010660205935796486,8385
162,1,siaga3,persistence,7931,436,454,0.9468720152817574,0.8991044099308468,0.945855694692904,0.052109477710051394,8385
162,6,siaga2,lstm,3338,382,603,0.8714267066962538,0.7721489706222531,0.8469931489469678,0.10268817204301076,3941
162,6,siaga2,persistence,1294,2633,2647,0.3289273004575496,0.19683602068755704,0.3283430601370211,0.6704863763687293,3941
162,6,siaga3,lstm,7836,349,542,0.9462053975729035,0.8979030594706084,0.9353067557889712,0.042638973732437385,8378
162,6,siaga3,persistence,6063,2304,2315,0.7241564646163033,0.5675903388878487,0.7236810694676534,0.2753675152384367,8378
162,12,siaga2,lstm,3351,282,583,0.8856878551605656,0.7948292220113852,0.8518047788510422,0.07762180016515277,3934
162,12,siaga2,persistence,159,3760,3775,0.04049407869603973,0.020665453600207953,0.04041687849517031,0.9594284256187803,3934
162,12,siaga3,lstm,7910,396,457,0.9488394410124152,0.9026589067670889,0.9453806621250149,0.04767637852155068,8367
162,12,siaga3,persistence,5275,3077,3092,0.6310186015910042,0.46094023068857043,0.6304529700011952,0.3684147509578544,8367
162,24,siaga2,lstm,3327,352,595,0.8754111301144586,0.7784277023865231,0.8482916879143294,0.09567817341668931,3922
162,24,siaga2,persistence,3392,522,530,0.8657478305257784,0.7632763276327633,0.8648648648648649,0.13336739908022482,3922
162,24,siaga3,lstm,7834,394,507,0.9456213410586034,0.8968517458500286,0.9392159213523559,0.0478852698104035,8341
162,24,siaga3,persistence,7835,501,506,0.9396174371889429,0.8861117394254694,0.9393358110538305,0.06010076775431862,8341
164,1,siaga2,lstm,1,1,3,0.3333333333333333,0.2,0.25,0.5,4
164,1,siaga2,persistence,1,3,3,0.25,0.14285714285714285,0.25,0.75,4
164,1,siaga3,lstm,2881,64,3050,0.6491662911221271,0.4805671392827356,0.4857528241443264,0.02173174872665535,5931
164,1,siaga3,persistence,5657,158,274,0.9632215222203303,0.9290523895549351,0.9538020569887035,0.027171109200343938,5931
164,6,siaga2,lstm,0,534,4,0.0,0.0,0.0,1.0,4
164,6,siaga2,persistence,1,3,3,0.25,0.14285714285714285,0.25,0.75,4
164,6,siaga3,lstm,1095,140,4806,0.3068946188340807,0.18126138056613145,0.18556176919166242,0.11336032388663968,5901
164,6,siaga3,persistence,5363,452,538,0.9155001707067258,0.8441681095545411,0.908829012031859,0.07773000859845228,5901
164,12,siaga2,lstm,0,117,4,0.0,0.0,0.0,1.0,4
164,12,siaga2,persistence,0,4,4,0.0,0.0,0.0,1.0,4
164,12,siaga3,lstm,684,89,5196,0.20562152412445514,0.11459205897135198,0.11632653061224489,0.11513583441138421,5880
164,12,siaga3,persistence,5268,521,612,0.9029051332590625,0.8229964068114357,0.8959183673469387,0.08999827258593884,5880
164,24,siaga2,lstm,0,0,4,0.0,0.0,0.0,,4
164,24,siaga2,persistence,0,4,4,0.0,0.0,0.0,1.0,4
164,24,siaga3,lstm,973,213,4871,0.2768136557610242,0.16064058114578175,0.1664955509924709,0.17959527824620575,5844
164,24,siaga3,persistence,5180,591,664,0.8919500645716746,0.804972804972805,0.8863791923340179,0.10240859469762606,5844
166,1,siaga2,lstm,55,12,34,0.7051282051282052,0.5445544554455446,0.6179775280898876,0.1791044776119403,89
166,1,siaga2,persistence,71,17,18,0.8022598870056498,0.6698113207547169,0.797752808988764,0.19318181818181818,89
166,1,siaga3,lstm,2260,208,177,0.9215086646279307,0.8544423440453687,0.9273697168649979,0.08427876823338736,2437
166,1,siaga3,persistence,2219,168,218,0.9199834162520729,0.8518234165067179,0.9105457529749692,0.07038123167155426,2437
166,6,siaga2,lstm,16,77,73,0.17582417582417584,0.0963855421686747,0.1797752808988764,0.8279569892473119,89
166,6,siaga2,persistence,28,60,61,0.3163841807909605,0.18791946308724833,0.3146067415730337,0.6818181818181818,89
166,6,siaga3,lstm,1410,393,1010,0.6677717262609519,0.5012442232492001,0.5826446280991735,0.21797004991680533,2420
166,6,siaga3,persistence,1586,801,834,0.6598710214270855,0.4923936665631791,0.6553719008264463,0.3355676581483033,2420
166,12,siaga2,lstm,0,16,89,0.0,0.0,0.0,1.0,89
166,12,siaga2,persistence,13,69,76,0.15204678362573099,0.08227848101265822,0.14606741573033707,0.8414634146341463,89
166,12,siaga3,lstm,1321,351,1084,0.6480255089526613,0.4793178519593614,0.5492723492723492,0.20992822966507177,2405
166,12,siaga3,persistence,1303,1065,1102,0.5459878483134297,0.3755043227665706,0.5417879417879418,0.4497466216216216,2405
166,24,siaga2,lstm,0,0,85,0.0,0.0,0.0,,85
166,24,siaga2,persistence,11,65,74,0.13664596273291926,0.07333333333333333,0.12941176470588237,0.8552631578947368,85
166,24,siaga3,lstm,1407,363,999,0.6738505747126436,0.5081256771397616,0.5847880299251871,0.20508474576271185,2406
166,24,siaga3,persistence,1733,625,673,0.7275398824517213,0.5717584955460244,0.7202826267664173,0.2650551314673452,2406
167,1,siaga2,lstm,0,0,11,0.0,0.0,0.0,,11
167,1,siaga2,persistence,10,1,1,0.9090909090909091,0.8333333333333334,0.9090909090909091,0.09090909090909091,11
167,1,siaga3,lstm,25,6,3,0.847457627118644,0.7352941176470589,0.8928571428571429,0.1935483870967742,28
167,1,siaga3,persistence,26,2,2,0.9285714285714286,0.8666666666666667,0.9285714285714286,0.07142857142857142,28
167,6,siaga2,lstm,0,0,11,0.0,0.0,0.0,,11
167,6,siaga2,persistence,5,6,6,0.45454545454545453,0.29411764705882354,0.45454545454545453,0.5454545454545454,11
167,6,siaga3,lstm,0,0,28,0.0,0.0,0.0,,28
167,6,siaga3,persistence,16,12,12,0.5714285714285714,0.4,0.5714285714285714,0.42857142857142855,28
167,12,siaga2,lstm,0,0,11,0.0,0.0,0.0,,11
167,12,siaga2,persistence,0,11,11,0.0,0.0,0.0,1.0,11
167,12,siaga3,lstm,0,0,28,0.0,0.0,0.0,,28
167,12,siaga3,persistence,5,23,23,0.17857142857142858,0.09803921568627451,0.17857142857142858,0.8214285714285714,28
167,24,siaga2,lstm,0,0,11,0.0,0.0,0.0,,11
167,24,siaga2,persistence,0,11,11,0.0,0.0,0.0,1.0,11
167,24,siaga3,lstm,0,0,28,0.0,0.0,0.0,,28
167,24,siaga3,persistence,0,28,28,0.0,0.0,0.0,1.0,28
169,1,siaga2,lstm,0,0,7,0.0,0.0,0.0,,7
169,1,siaga2,persistence,5,2,2,0.7142857142857143,0.5555555555555556,0.7142857142857143,0.2857142857142857,7
169,1,siaga3,lstm,58,17,25,0.7341772151898734,0.58,0.6987951807228916,0.22666666666666666,83
169,1,siaga3,persistence,58,25,25,0.6987951807228916,0.5370370370370371,0.6987951807228916,0.30120481927710846,83
169,6,siaga2,lstm,0,0,7,0.0,0.0,0.0,,7
169,6,siaga2,persistence,0,7,7,0.0,0.0,0.0,1.0,7
169,6,siaga3,lstm,0,0,83,0.0,0.0,0.0,,83
169,6,siaga3,persistence,11,72,72,0.13253012048192772,0.07096774193548387,0.13253012048192772,0.8674698795180723,83
169,12,siaga2,lstm,0,0,7,0.0,0.0,0.0,,7
169,12,siaga2,persistence,0,7,7,0.0,0.0,0.0,1.0,7
169,12,siaga3,lstm,0,0,83,0.0,0.0,0.0,,83
169,12,siaga3,persistence,4,79,79,0.04819277108433735,0.024691358024691357,0.04819277108433735,0.9518072289156626,83
169,24,siaga2,lstm,0,0,7,0.0,0.0,0.0,,7
169,24,siaga2,persistence,0,7,7,0.0,0.0,0.0,1.0,7
169,24,siaga3,lstm,0,0,83,0.0,0.0,0.0,,83
169,24,siaga3,persistence,0,83,83,0.0,0.0,0.0,1.0,83
170,1,siaga2,lstm,375,57,237,0.7183908045977011,0.5605381165919282,0.6127450980392157,0.13194444444444445,612
170,1,siaga2,persistence,463,149,149,0.7565359477124183,0.6084099868593955,0.7565359477124183,0.2434640522875817,612
170,1,siaga3,lstm,1571,82,296,0.8926136363636363,0.806054386865059,0.8414568826995179,0.049606775559588624,1867
170,1,siaga3,persistence,1632,229,235,0.8755364806866953,0.7786259541984732,0.874129619710766,0.123052122514777,1867
170,6,siaga2,lstm,48,189,564,0.11307420494699646,0.0599250936329588,0.0784313725490196,0.7974683544303798,612
170,6,siaga2,persistence,145,467,467,0.2369281045751634,0.13438368860055608,0.2369281045751634,0.7630718954248366,612
170,6,siaga3,lstm,586,346,1281,0.41872097177563417,0.26479891549932216,0.3138725227637922,0.37124463519313305,1867
170,6,siaga3,persistence,860,1001,1007,0.4613733905579399,0.299860529986053,0.4606320299946438,0.53788285867813,1867
170,12,siaga2,lstm,0,0,612,0.0,0.0,0.0,,612
170,12,siaga2,persistence,69,543,543,0.11274509803921569,0.05974025974025974,0.11274509803921569,0.8872549019607843,612
170,12,siaga3,lstm,0,0,1863,0.0,0.0,0.0,,1863
170,12,siaga3,persistence,568,1288,1295,0.30545845657434795,0.1802602348460806,0.3048845947396672,0.6939655172413793,1863
170,24,siaga2,lstm,0,0,612,0.0,0.0,0.0,,612
170,24,siaga2,persistence,153,459,459,0.25,0.14285714285714285,0.25,0.75,612
170,24,siaga3,lstm,1,2,1857,0.0010746910263299302,0.0005376344086021505,0.0005382131324004305,0.6666666666666666,1858
170,24,siaga3,persistence,1040,816,818,0.5600430802369413,0.3889304412864622,0.5597416576964478,0.4396551724137931,1858
179,1,siaga2,lstm,0,0,186,0.0,0.0,0.0,,186
179,1,siaga2,persistence,124,28,62,0.7337278106508875,0.5794392523364486,0.6666666666666666,0.18421052631578946,186
179,1,siaga3,lstm,0,0,648,0.0,0.0,0.0,,648
179,1,siaga3,persistence,485,100,163,0.786699107866991,0.6483957219251337,0.7484567901234568,0.17094017094017094,648
179,6,siaga2,lstm,0,0,187,0.0,0.0,0.0,,187
179,6,siaga2,persistence,73,79,114,0.4306784660766962,0.2744360902255639,0.39037433155080214,0.5197368421052632,187
179,6,siaga3,lstm,0,0,644,0.0,0.0,0.0,,644
179,6,siaga3,persistence,168,417,476,0.27339300244100895,0.1583411875589067,0.2608695652173913,0.7128205128205128,644
179,12,siaga2,lstm,0,0,201,0.0,0.0,0.0,,201
179,12,siaga2,persistence,38,104,163,0.22157434402332363,0.12459016393442623,0.1890547263681592,0.7323943661971831,201
179,12,siaga3,lstm,0,0,653,0.0,0.0,0.0,,653
179,12,siaga3,persistence,59,516,594,0.09609120521172639,0.0504704875962361,0.0903522205206738,0.8973913043478261,653
179,24,siaga2,lstm,0,0,230,0.0,0.0,0.0,,230
179,24,siaga2,persistence,129,23,101,0.675392670157068,0.5098814229249012,0.5608695652173913,0.1513157894736842,230
179,24,siaga3,lstm,0,0,681,0.0,0.0,0.0,,681
179,24,siaga3,persistence,459,120,222,0.7285714285714285,0.5730337078651685,0.6740088105726872,0.20725388601036268,681
181,1,siaga2,lstm,0,0,317,0.0,0.0,0.0,,317
181,1,siaga2,persistence,161,128,156,0.5313531353135313,0.36179775280898874,0.5078864353312302,0.4429065743944637,317
181,1,siaga3,lstm,0,0,947,0.0,0.0,0.0,,947
181,1,siaga3,persistence,652,252,295,0.7044840626688277,0.5437864887406172,0.6884899683210137,0.27876106194690264,947
181,6,siaga2,lstm,0,0,316,0.0,0.0,0.0,,316
181,6,siaga2,persistence,97,192,219,0.32066115702479336,0.19094488188976377,0.3069620253164557,0.6643598615916955,316
181,6,siaga3,lstm,0,0,946,0.0,0.0,0.0,,946
181,6,siaga3,persistence,315,589,631,0.34054054054054056,0.20521172638436483,0.33298097251585623,0.6515486725663717,946
181,12,siaga2,lstm,0,0,316,0.0,0.0,0.0,,316
181,12,siaga2,persistence,75,213,241,0.24834437086092714,0.14177693761814744,0.23734177215189872,0.7395833333333334,316
181,12,siaga3,lstm,0,0,945,0.0,0.0,0.0,,945
181,12,siaga3,persistence,211,692,734,0.22835497835497837,0.12889431887599268,0.22328042328042327,0.7663344407530454,945
181,24,siaga2,lstm,0,0,316,0.0,0.0,0.0,,316
181,24,siaga2,persistence,58,227,258,0.1930116472545757,0.10681399631675875,0.18354430379746836,0.7964912280701755,316
181,24,siaga3,lstm,0,0,944,0.0,0.0,0.0,,944
181,24,siaga3,persistence,535,360,409,0.5818379554105492,0.4102760736196319,0.5667372881355932,0.4022346368715084,944
184,1,siaga2,lstm,0,0,21,0.0,0.0,0.0,,21
184,1,siaga2,persistence,13,8,8,0.6190476190476191,0.4482758620689655,0.6190476190476191,0.38095238095238093,21
184,1,siaga3,lstm,0,0,552,0.0,0.0,0.0,,552
184,1,siaga3,persistence,461,88,91,0.8374205267938238,0.7203125,0.8351449275362319,0.16029143897996356,552
184,6,siaga2,lstm,0,0,21,0.0,0.0,0.0,,21
184,6,siaga2,persistence,0,21,21,0.0,0.0,0.0,1.0,21
184,6,siaga3,lstm,0,0,550,0.0,0.0,0.0,,550
184,6,siaga3,persistence,130,419,420,0.23657870791628755,0.13415892672858618,0.23636363636363636,0.7632058287795993,550
184,12,siaga2,lstm,0,0,21,0.0,0.0,0.0,,21
184,12,siaga2,persistence,0,21,21,0.0,0.0,0.0,1.0,21
184,12,siaga3,lstm,0,0,542,0.0,0.0,0.0,,542
184,12,siaga3,persistence,3,546,539,0.005499541704857928,0.0027573529411764708,0.005535055350553505,0.994535519125683,542
184,24,siaga2,lstm,0,0,21,0.0,0.0,0.0,,21
184,24,siaga2,persistence,8,12,13,0.3902439024390244,0.24242424242424243,0.38095238095238093,0.6,21
184,24,siaga3,lstm,0,0,529,0.0,0.0,0.0,,529
184,24,siaga3,persistence,418,121,111,0.7827715355805244,0.6430769230769231,0.7901701323251418,0.22448979591836735,529
187,1,siaga2,lstm,0,0,16,0.0,0.0,0.0,,16
187,1,siaga2,persistence,11,5,5,0.6875,0.5238095238095238,0.6875,0.3125,16
187,1,siaga3,lstm,0,0,605,0.0,0.0,0.0,,605
187,1,siaga3,persistence,515,90,90,0.8512396694214877,0.7410071942446043,0.8512396694214877,0.1487603305785124,605
187,6,siaga2,lstm,0,0,16,0.0,0.0,0.0,,16
187,6,siaga2,persistence,0,16,16,0.0,0.0,0.0,1.0,16
187,6,siaga3,lstm,0,0,603,0.0,0.0,0.0,,603
187,6,siaga3,persistence,133,472,470,0.22019867549668873,0.12372093023255815,0.22056384742951907,0.7801652892561983,603
187,12,siaga2,lstm,0,0,16,0.0,0.0,0.0,,16
187,12,siaga2,persistence,0,16,16,0.0,0.0,0.0,1.0,16
187,12,siaga3,lstm,0,0,603,0.0,0.0,0.0,,603
187,12,siaga3,persistence,2,603,601,0.0033112582781456954,0.001658374792703151,0.003316749585406302,0.996694214876033,603
187,24,siaga2,lstm,0,0,16,0.0,0.0,0.0,,16
187,24,siaga2,persistence,6,10,10,0.375,0.23076923076923078,0.375,0.625,16
187,24,siaga3,lstm,0,0,603,0.0,0.0,0.0,,603
187,24,siaga3,persistence,496,102,107,0.8259783513738551,0.7035460992907802,0.8225538971807629,0.1705685618729097,603
