stasiun_id,stasiun_nama,horizon,n_train,n_val,n_test,n_test_flag0,lstm_nse,lstm_rmse,lstm_mae,lstm_nse_flag0,lstm_rmse_flag0,lstm_mae_flag0,persistence_nse,persistence_rmse,persistence_mae,persistence_nse_flag0,persistence_rmse_flag0,persistence_mae_flag0
107,P.A. Cengkareng Drain,1,9902,2857,11560,11269,0.9811632570629274,3.951135345003005,2.4039367120580497,0.9812510957910019,3.9074593453879727,2.391205677183394,0.9441775839996596,6.801791506374305,5.448931954243373,0.9419822555774734,6.873642543130704,5.54397592675612
107,P.A. Cengkareng Drain,6,9887,2857,11545,11254,0.6544458723517074,16.931876761809022,10.275385466569459,0.6550801158851514,16.768652101358963,10.190356020367114,-0.2934917299907016,32.7588678819236,27.292196258820336,-0.32800426834782126,32.90324825443963,27.43721133880633
107,P.A. Cengkareng Drain,12,9874,2857,11527,11236,0.5871220870426275,18.509706013258725,11.9755532418545,0.5926141386198938,18.225723872169972,11.863025258989865,-1.384464707661584,44.48198353567374,36.926806124049556,-1.3962405220067002,44.20251844748615,36.67247342468062
107,P.A. Cengkareng Drain,24,9850,2857,11493,11202,0.5801380177569716,18.67356094569774,11.509660814178098,0.5917582407995925,18.252366511637874,11.32588919919696,0.48032297500529,20.774980557658346,12.844149434582741,0.4920366403572576,20.3599478370604,12.673644832027263
140,P.A. Marina Ancol (Laut),1,10137,2857,11755,8702,0.9787968704303164,6.696345037220192,4.7311402052584555,0.9722104699952209,4.761488086971708,3.284325181627173,0.9758719829095929,7.14329614505801,4.791178222033178,0.9268363311934049,7.725913452536669,6.157640006128859
140,P.A. Marina Ancol (Laut),6,10132,2857,11750,8697,0.8402756364435907,18.380303544906397,13.756240042635202,0.7456044402667893,14.408563503475445,10.398165015761263,0.5094516366601546,32.211282131301424,23.179672340425533,-0.6181060964959466,36.33870268241545,29.88744202981871
140,P.A. Marina Ancol (Laut),12,10126,2857,11744,8691,0.8215929789312841,19.421645548399436,13.718278335142744,0.7699576548522691,13.695692307062213,9.276627634652087,0.12780999708816898,42.94233001730668,31.07048415131266,-1.8705764779746086,48.37986566848298,39.948435071493414
140,P.A. Marina Ancol (Laut),24,10122,2857,11733,8680,0.8564388746798566,17.425634471467223,11.994337469359428,0.7580101582434653,14.052977990306253,9.488410205197683,0.9017409377134189,14.41638860253933,6.943739946616448,0.8317175641074552,11.71896327322562,7.9473560822178335
150,P.S. Sunter Hulu,1,10225,2857,10204,8161,0.9690834995623911,5.789322630600054,2.3369467862813447,0.9638662373985417,6.337504897127836,2.659627084293688,0.9654503078883084,6.120045900272315,2.5469540827409656,0.9587175289977342,6.773990086391398,2.981883751498163
150,P.S. Sunter Hulu,6,10225,2857,10193,8149,0.6614057278906738,19.153009632778378,10.709106371543015,0.6481838581732537,19.769038604796386,11.265087472989201,0.6597691925707418,19.199240174710464,9.874791455898018,0.6251021571895388,20.407233767821346,10.978681526626938
150,P.S. Sunter Hulu,12,10225,2857,10186,8137,0.5295872920552471,22.54924532439898,13.361255952998874,0.5226357461584852,23.00330571218488,13.89440476507464,0.43356952965829243,24.7437655827508,13.706297686486192,0.3886634553667512,26.03187694971267,14.829832871101154
150,P.S. Sunter Hulu,24,10225,2857,10167,8122,0.4352607190163069,24.303654436416604,15.059324740150021,0.4017500959653727,25.712205064397,15.92616772031139,0.2851950532938333,27.34269750778251,15.319120560415518,0.24522794974583884,28.880579885015063,16.78940499647728
162,Pompa Pasar Ikan 1,1,9236,2857,11554,11496,0.9805899735338013,3.7273126873010707,2.5517058419447705,0.983258386083168,3.4363150850121835,2.5185027768577064,0.9139178005407106,7.8494538661871385,6.278467616020538,0.9142408413676166,7.777402462244549,6.273068457104049
162,Pompa Pasar Ikan 1,6,9217,2857,11542,11484,0.8903577388878852,8.857220443191697,6.606862641034519,0.9026936880833292,8.282965773846335,6.5228333770414855,-0.927613903365599,37.13799788725538,30.969697537518442,-0.9450635365422317,37.032433942101115,30.9287719070271
162,Pompa Pasar Ikan 1,12,9202,2857,11530,11472,0.9063275514523353,8.18737425786576,6.060930179065544,0.9174535376703906,7.629427546106321,5.979075526496966,-2.403353874629984,49.35057999859987,41.48118469973966,-2.43843880264216,49.24060381485691,41.41568284271742
162,Pompa Pasar Ikan 1,24,9178,2857,11506,11448,0.8915043708803008,8.812336653649638,6.654734917693105,0.9019164283317058,8.317271871166366,6.5746603829211,0.8591638501910314,10.040192292482617,7.374261951692818,0.8687546518562272,9.621099837166728,7.299803419596936
164,Pompa Yos Sudarso 1,1,9184,2857,10658,5606,0.8699340539343325,35.89773256666753,28.146506735677715,0.8836669986082618,33.14467784096434,23.900778773747835,0.9364131092503827,25.09972772756018,10.303163103356713,0.9088737600563934,29.33486277554765,15.273825389489414
164,Pompa Yos Sudarso 1,6,9164,2857,10636,5598,0.29359632695981164,83.7173800053887,70.22572971704781,0.4573469306784954,71.4968250758805,56.15942655089486,0.7280089542097605,51.94771597907306,28.90585585297516,0.5994209152037862,61.42847867836178,42.41350638910928
164,Pompa Yos Sudarso 1,12,9146,2857,10624,5599,-0.012288367586434035,100.23643951929252,83.4915843482546,0.30826301662738154,80.75354607670398,62.61299601667048,0.6658449339146083,57.5900603326061,31.423593785755077,0.51607098402295,67.5432472022526,45.00092815095047
164,Pompa Yos Sudarso 1,24,9110,2857,10605,5621,0.18219986174790426,90.10561479196446,73.41806438092956,0.3948231059315648,75.53433130042114,58.410717056883165,0.6575426532213346,58.30845152734694,30.711345911733254,0.5538175378033996,64.85738997924852,40.916545496646904
166,P.A. Marina Ancol (Kali),1,9316,2545,10937,6143,0.9163161426344171,8.602578567301508,2.2282495546758336,0.9340203393574119,7.197565557770081,2.5328901161561213,0.9623012824384962,5.773924366954645,2.001462154849941,0.9358405177074584,7.097591760912741,3.0690093124449302
166,P.A. Marina Ancol (Kali),6,9301,2530,10906,6117,0.7423591005850725,15.097288582431895,7.794385731366249,0.7650856893246191,13.593712824455723,8.327523203168683,0.674879871997005,16.959517092281175,8.164648640621293,0.5950886471439707,17.846922208703212,11.065167408926603
166,P.A. Marina Ancol (Kali),12,9289,2517,10878,6084,0.7104598007485403,16.00425716775553,8.577361010492215,0.7179230171402239,14.914281753023518,9.517262748487356,0.5486615860750572,19.981690878298775,10.704399799208705,0.4382189914525061,21.047574003391574,14.014340152961948
166,P.A. Marina Ancol (Kali),24,9265,2493,10841,6043,0.7108921562604511,15.999675928108333,8.733509713741954,0.7179022201110111,14.912197928790693,9.592102727114305,0.5696768059751529,19.519946644671315,8.543601782299818,0.5286710176323066,19.27542214236043,9.7894618867811
167,Rumah Pompa Pluit 1,1,9203,2857,11554,9572,0.9639893883178372,2.87869522021553,0.9309987370838816,0.972001507625842,2.4458492456534167,0.9287731566264686,0.9755268175932996,2.3731525762637307,1.7487943581406353,0.9689472857953035,2.575800035247797,1.989788032404518
167,Rumah Pompa Pluit 1,6,9188,2857,11542,9562,0.6108018362114859,9.466836301601809,5.463456820282281,0.5856024202404113,9.41312422186978,5.60064404698219,0.4165269676329063,11.591239255068151,8.38990491828857,0.3323533796862469,11.94809074185626,8.946367256694595
167,Rumah Pompa Pluit 1,12,9176,2857,11530,9558,0.2163660936919407,13.437378049873322,7.591818731144978,0.22614023581562603,12.865089234022575,7.568888725670634,-0.2993935316961811,17.30327367241117,12.008504682702073,-0.32947938829295764,16.862519847028217,11.762451231895678
167,Rumah Pompa Pluit 1,24,9152,2857,11507,9546,0.09024412295566042,14.486335686199444,7.837294827175268,0.07019212425014953,14.106449252214162,7.865588910020565,-0.42174189337234247,18.109501269055883,9.021825585699393,-0.539866713444416,18.153595999228664,9.1143252736276
169,P.A. Kaliduri 1,1,9114,2857,11555,6802,0.9224622361688898,2.7682679511949124,1.0965022349277929,0.9218295859714332,3.155013313127051,1.4462847321028969,0.8528961366638049,3.8129712280111936,1.5964328156957301,0.8227425652805087,4.750969255339289,2.407054462754274
169,P.A. Kaliduri 1,6,9094,2857,11543,6795,0.24314085782845685,8.65253853686259,4.027546320568336,0.20481672960095476,10.065928357910783,5.213140535220124,-0.4741310935041685,12.075470603976004,6.159288145218731,-0.5620480631765945,14.108063773629882,7.8358576917360825
169,P.A. Kaliduri 1,12,9076,2857,11531,6784,0.12100030492304459,9.327849858584253,4.407486367167137,0.05713781479397084,10.966729953552317,5.784758771539261,-0.8370625312201416,13.48494422564957,7.112605410228341,-0.6766380007454018,14.624219367851076,8.141653287208081
169,P.A. Kaliduri 1,24,9040,2857,11508,6758,0.1484628371123562,9.177612737909604,3.8664959511805743,0.08307496951580262,10.819949865181169,5.223565291243163,-0.32572156221832094,11.4512813451796,4.702774599870511,-0.20965246856715392,12.427639371070141,5.845383912366136
170,P.A. Ancol Flushing 1,1,9316,2857,11509,7414,0.9881539537804821,2.9660205703018443,1.7930552480274213,0.979678111512836,3.5789881588591546,2.3510091298446487,0.9796304604180237,3.8893591957988116,2.211112024372723,0.9632451438356976,4.813218677861635,3.1826897583877622
170,P.A. Ancol Flushing 1,6,9301,2857,11497,7405,0.8073012196100419,11.964722734304528,7.949286275305527,0.6867244150380347,14.049635764639726,10.116801255859814,0.7106268319455659,14.661968610444598,9.167300876990904,0.4977728388801489,17.789014481889264,12.515441848795664
170,P.A. Ancol Flushing 1,12,9289,2857,11485,7397,0.6878092154347633,15.226157849066785,10.759075390034088,0.5052856723807053,17.652072037466052,13.355904184658272,0.549867941026833,18.283117937569482,11.993693784191752,0.2679741629714152,21.472452558874394,15.66902186663171
170,P.A. Ancol Flushing 1,24,9265,2857,11462,7384,0.6676115252705228,15.70853953381572,11.232270762963484,0.47981500177848035,18.102752524525794,13.797893173385907,0.7571579175829765,13.42687065493235,8.436927394722648,0.6393079695199599,15.074189691571195,10.068466927243335
179,Pompa Kamal Muara (Bubble),1,7633,2857,10075,9836,0.4059889557325722,54.26326214706615,30.794248808393828,0.4214836676445647,52.27459715716448,29.601408191517038,0.9401412546490572,17.22552406669844,8.483253306790866,0.9375269502911627,17.178262550901977,8.40640162966693
179,Pompa Kamal Muara (Bubble),6,7594,2857,10036,9802,-0.8464587958520606,95.64385789784406,61.90516039363967,-0.8313040808947487,93.35420741068228,60.18485028146174,0.4988919371185524,49.82564971341959,36.07998960918507,0.5106385335649701,48.25791442313586,35.298699798948476
179,Pompa Kamal Muara (Bubble),12,7563,2857,10006,9773,-0.5484181085975612,88.61540794850504,55.05439160682103,-0.5277542656442529,86.4181439109763,53.402357091837686,0.21250815057883532,63.19579098634287,48.326756426483186,0.2365081970221039,61.09144127521684,47.08722234430947
179,Pompa Kamal Muara (Bubble),24,7515,2857,9947,9716,-0.4081744474656357,86.00561427531125,56.72757149664142,-0.39691637688351755,84.11336087020854,55.26569293885728,0.8971094937001569,23.248033592266914,11.35821395000236,0.9125891327423917,21.040812018131014,10.465887620339041
181,Pompa Kali Asin (Bubble),1,8953,2677,10673,10500,0.7082770397963768,39.08788008575017,21.132899398259166,0.7127939270931576,38.27010565195949,20.631548697169254,0.7744626596689226,34.3689321492942,17.126530631226917,0.7667557200385718,34.488027235607035,17.150689999091085
181,Pompa Kali Asin (Bubble),6,8937,2667,10637,10465,-0.1538507542894425,77.74917686137125,52.652221011760716,-0.14720310452870944,76.49164536772733,51.80503445147393,0.42227014769832305,55.01528727715945,42.421280454999874,0.4117269742399634,54.77511696253374,42.27121038381908
181,Pompa Kali Asin (Bubble),12,8919,2659,10595,10423,-0.3078305986947836,82.8050528698069,55.65995363934397,-0.3015897893145427,81.50426872551223,54.755724925061536,0.268609608994997,61.923531595842654,49.98530041983981,0.2546489922995351,61.67706659311347,49.82428014886416
181,Pompa Kali Asin (Bubble),24,8883,2650,10530,10358,-0.7356176217536667,95.43061238960316,65.34911049448878,-0.7315734717243931,94.04247784487784,64.3685820016041,0.5938828917051402,46.16218189240484,24.15726475716349,0.5914389922385129,45.68062735587919,23.768209025051394
184,Pompa Lagoa (Bubble),1,8678,2679,8614,8482,0.6475364458837607,38.62697716683063,24.65627856481643,0.6482665013479744,38.47254935205109,24.555218061576866,0.961243827456028,12.808670543502245,7.721727362516299,0.9606384151401568,12.870054552471734,7.790306494972642
184,Pompa Lagoa (Bubble),6,8650,2669,8543,8411,-0.7466329651044235,85.99459109123316,56.948531915439176,-0.74746433049325,85.75814283387726,56.736537625094726,0.618035151856988,40.21443838926591,32.11322543041473,0.6155545838670764,40.22430519360268,32.218164446288334
184,Pompa Lagoa (Bubble),12,8632,2657,8469,8337,-0.6337044225763697,83.098795673379,56.65113332482853,-0.6363684445667139,82.91431346742763,56.46041090027531,0.43680553315271986,48.7907143895112,40.27271804670513,0.43503701579055376,48.71906649604774,40.30195387256381
184,Pompa Lagoa (Bubble),24,8596,2647,8350,8212,0.2888276934696469,54.6615264281912,39.22247455411222,0.2900622916963099,54.461546427106626,39.056151058008794,0.9409560886088018,15.750048549475034,9.680246278569486,0.9428419375656985,15.453206069723366,9.475119736712315
187,Pompa Cilincing (Bubble),1,8359,2630,10467,10369,0.7868125518196419,30.058435780865622,16.61762313010421,0.7885201044934431,29.830939426888662,16.511274406390395,0.9845467417652007,8.092740076318858,6.419562842302046,0.9845023037409532,8.07543561919615,6.438137021349733
187,Pompa Cilincing (Bubble),6,8316,2622,10431,10333,0.20058597068943473,58.18297207675886,36.32659892796026,0.20161687479065782,57.93681292342518,36.16385403204236,0.669310068376058,37.421440849584826,31.133207564017333,0.667356363975367,37.397152578291575,31.151184657043792
187,Pompa Cilincing (Bubble),12,8282,2622,10389,10291,0.3326978868336321,53.15570572235913,32.12561498047933,0.3342117103024187,52.90412550089099,31.969615479082634,0.40800665027238536,50.066479266591216,41.90755774923362,0.40647718202553895,49.95053841719975,41.876149732059496
187,Pompa Cilincing (Bubble),24,8240,2622,10324,10226,0.43811285831299385,48.81736019726981,35.35383912128267,0.4394880899009854,48.58158280336921,35.18873148016791,0.9555350536072059,13.732785317923721,8.24813870890831,0.9562171352186599,13.577859954084133,8.139769401984111
126,P.A. Pulo Gadung 2,1,8503,1343,5761,5683,0.2008645365868802,23.27492510735768,13.78526100124443,0.20144733974871265,21.856822921602852,13.380876156171544,0.8564176058104064,9.865717730908068,4.161762590820047,0.8573920244790154,9.236494174385857,4.050684302109605
126,P.A. Pulo Gadung 2,6,8491,1338,5751,5673,0.0013352464223770344,26.03861540569031,14.180513488670568,0.006302819102703694,24.40030577939435,13.74084134404267,-0.0226297606782202,26.34918820957979,12.759532641666182,-0.05932067968681598,25.193120576585212,12.382925945511879
126,P.A. Pulo Gadung 2,12,8479,1332,5739,5661,-0.07488736276879893,27.03955728268683,15.454339620294459,-0.08713042866271259,25.546020810085952,15.032056299659624,-0.4319167913377193,31.208794180078883,14.633093260537066,-0.48431530059102146,29.85008126912001,14.1905214037567
126,P.A. Pulo Gadung 2,24,8455,1320,5723,5637,-0.31153921911832927,29.905393539201317,19.490186584631655,-0.35730972484261114,28.593837700468228,19.07216451697903,-0.5926899278204691,32.955241437408326,13.333140017029585,-0.686746943294551,31.87556807211177,12.931727376658191
